{
  "protocols": {
    "aave_v2": {
      "name": "Aave V2",
      "description": "Decentralized lending protocol on Ethereum",
      "addresses": {
        "ethereum": {
          "lending_pool": "0x7d2768dE32b0b80b7a3454c06BdAc94A69DDc7A9",
          "incentives_controller": "0xd784927Ff2f95ba542BfC824c8a8a98F3495f6b5"
        }
      },
      "category": "lending",
      "risk_rating": 0.3
    },
    "uniswap_v3": {
      "name": "Uniswap V3",
      "description": "Decentralized exchange with concentrated liquidity",
      "addresses": {
        "ethereum": {
          "factory": "0x1F98431c8aD98523631AE4a59f267346ea31F984",
          "router": "0xE592427A0AEce92De3Edee1F18E0157C05861564"
        }
      },
      "category": "dex",
      "risk_rating": 0.4
    },
    "compound": {
      "name": "Compound",
      "description": "Decentralized lending protocol",
      "addresses": {
        "ethereum": {
          "comptroller": "0x3d9819210A31b4961b30EF54bE2aeD79B9c9Cd3B"
        }
      },
      "category": "lending",
      "risk_rating": 0.35
    },
    "curve": {
      "name": "Curve Finance",
      "description": "Stablecoin exchange liquidity pool",
      "addresses": {
        "ethereum": {
          "registry": "0x90E00ACe148ca3b23Ac1bC8C240C2a7Dd9c2d7f5"
        }
      },
      "category": "dex",
      "risk_rating": 0.45
    },
    "yearn": {
      "name": "Yearn Finance",
      "description": "Yield aggregator protocol",
      "addresses": {
        "ethereum": {
          "registry": "0x50c1a2eA0a861A967D9d0FFE2AE4012c2E053804"
        }
      },
      "category": "yield",
      "risk_rating": 0.55
    }
  }
} 